{"surrey": 1, "meadow": 1, "throwing": 1, "sweet": 1, "pointed": 1, "wayside": 1, "engaged": 1, "four": 1, "sunk": 1, "bright": 1, "mile": 1, "promise": 1, "buried": 1, "earth": 1, ".": 6, "arm": 1, "cloud": 1, "sat": 1, "perfect": 1, "thought": 1, "drove": 1, "eye": 1, "sun": 1, "folded": 1, ",": 11, "least": 1, "fortunate": 1, "moist": 1, "station": 1, "deepest": 1, "spring": 1, "lovely": 1, "smell": 1, "contrast": 1, "shoulder": 1, "full": 1, "started": 1, "upon": 2, "however": 1, "companion": 1, "pleasant": 1, "leatherhead": 1, "train": 1, "five": 1, "breast": 1, "front": 1, "hedge": 1, "day": 1, "hired": 1, "shoot": 1, "lane": 1, "heaven": 1, "waterloo": 1, "hat": 1, "sinister": 1, "tree": 1, "inn": 1, "air": 1, "n't": 1, "strange": 1, "quest": 1, "catching": 1, "green": 1, "trap": 2, "suddenly": 1, "chin": 1, "tapped": 1, "pulled": 1, "fleecy": 1, "first": 1}