"","train_std.TotalRevenueGenerated","Mass_LinReg1.fitted.values"
"923",127.5,166.501728256833
"2529",106.21,141.607078260451
"1312",156.47,194.330204068958
"2831",105,151.435315808176
"3015",179.98,184.291621927247
"146",178.13,129.727496762679
"1692",217.51,199.629044756473
"2858",177.49,127.019511751335
"1766",173.77,159.884186993846
"1462",134.5,114.076710134007
"3061",138.95,222.476994628638
"1450",104.99,123.067109982896
"2167",132.5,112.97836093395
"1831",196.68,244.787789076459
"329",106.3,144.783049287043
"2875",247.58,286.797717791101
"786",162.5,125.245726153591
"135",124.9,123.927647347109
"1047",197.28,166.319672029836
"3045",110,131.892084485135
"2837",225.03,220.371465364799
"2209",117.5,145.85932321447
"2042",130,116.902392148211
"3168",242.5,219.741519879991
"2089",131.92,121.6136397894
"2256",137.5,121.269594398481
"1732",110,102.163469057683
"1891",105,125.965701611131
"920",207.52,197.408034092846
"468",112.5,147.061060675408
"3062",262.53,287.020832772844
"2868",152.5,185.962724581584
"2195",106.25,128.983516023528
"2527",168.77,133.030543480283
"79",105.09,111.278348015436
"1517",182.06,181.481201109639
"2407",159.48,96.0641356721816
"687",100,107.065792831017
"1009",235.02,156.561913048611
"735",377.5,304.422991236855
"453",165.04,169.081278471493
"1314",304.5,190.397442167231
"1311",105.89,146.742511186193
"1168",110.02,159.813425056339
"483",138.25,146.011741075722
"440",115,94.7560149827233
"738",177.48,146.381233253438
"1474",136.27,190.695207735724
"841",192.26,155.479197583809
"2711",130.01,89.4209292982522
"145",146.7,147.396158508024
"1397",163.18,199.797523288585
"2523",279.99,223.38741374353
"385",192.5,198.516649349151
"1770",246.52,162.220743320421
"652",259.03,329.615869544741
"403",125,120.956482598711
"2375",112.5,124.422545217296
"2821",100,112.298085285316
"1180",112.5,147.251662173901
"2095",107.5,151.190251007279
"299",111.18,115.859487324459
"1209",105,146.937804479028
"864",124,134.734688572742
"2563",177.5,161.340207822468
"1411",215,185.893528820628
"2547",110,91.6945350767088
"2553",311.33,282.912807676557
"2496",194.61,335.530074628711
"1382",197.93,291.077802114566
"2369",105,112.124279375776
"1975",112.5,134.587481279247
"2228",187.48,154.27292613758
"2",382.4,344.560967620437
"1491",149.25,178.422656998657
"690",145,153.443752844973
"1190",168.75,191.424474151145
"1920",126.13,148.881011307961
"1102",132.5,141.492761400671
"348",202.08,208.075948850888
"763",102.5,123.740301794582
"2090",288.65,217.338497209007
"1306",102.49,95.1355567336835
"2464",107.5,104.930076919682
"322",166.87,183.365030713038
"1359",105.49,141.496783769889
"3077",112.5,110.531494806876
"2789",218.76,226.378602670052
"2767",127.48,117.285087953847
"547",105,103.239292464791
"408",127.51,175.115557804142
"2037",152,206.48831681756
"1071",180,127.711272594068
"2047",102.5,120.212869040289
"998",120,102.350526120843
"585",100.44,148.276267789245
"2436",192.49,99.7852296556722
"292",114.26,155.913038056505
"1453",135,113.533853565309
"1591",145,145.012176150954
"1866",342.5,277.224384488402
"1035",110,96.1034424662713
"1519",163.28,212.542087755675
"2965",120.53,139.882474703107
"1500",208.74,198.683506045749
"2764",185.89,144.037811024709
"2838",257.5,173.759403558628
"1889",365,329.656292559789
"1274",125,134.267849058604
"456",157.44,137.197622578325
"2899",118.21,147.600571394902
"934",119.15,138.808560067316
"189",121.9,119.51109266226
"2935",990.56,995.131782372398
"2231",155,175.457244800277
"441",497.48,380.272003320151
"1699",263.75,266.194756726401
"2951",132.5,135.926957457787
"1810",125,135.990289017519
"1250",197.5,169.972106321031
"2002",202.44,213.467025019494
"988",322.5,280.114914167549
"950",173.01,156.832158988186
"679",189.23,184.412044329142
"1140",190,149.031263462392
"3036",147.49,224.133180742323
"476",139.99,79.7623249618404
"281",112.8,122.195603455124
"438",113.14,112.288961395289
"2126",144.23,213.799476325266
"1907",207.5,155.300197717794
"2744",152.48,109.359246825674
"2071",110,122.094980977059
"2268",199.99,253.815477514945
"1603",324.83,458.133115486593
"2029",180.02,203.285922475779
"2526",102.47,95.8064844293745
"2416",109.05,177.179220866749
"3010",127.52,111.097170974533
"1350",107,120.987031783777
"957",147.51,153.672501804849
"1257",161.25,199.939219882244
"33",117.5,92.4277449252933
"564",135,126.650303184438
"2583",150.06,176.375257844539
"709",122.51,159.152288886613
"733",139.99,78.8792556705645
"235",124.76,116.708119459228
"753",193.01,279.479971364379
"2241",200,143.391188726607
"2593",215.02,291.492708001786
"1522",139.25,181.129764396829
"1186",225,178.532413602442
"754",122.5,108.816791833855
"340",102.54,105.734742418158
"1192",240,235.876656342537
"1747",107.5,131.086948520976
"662",215,137.148392329354
"1357",145,129.159481931285
"665",260,162.455451041963
"1532",134.99,80.138033000643
"1079",200,163.68415370548
"1981",170,171.86181356877
"1142",107.51,134.144251468234
"1083",163.87,133.52622966512
"1625",342.49,255.995073823789
"2253",102.5,136.444884459314
"673",172.5,137.95028224096
"1256",103.41,207.003452046498
"808",110,112.241910486338
"1915",118,111.271743945376
"559",212.5,173.925115609208
"2623",152.5,132.90454479124
"2267",180.04,252.178127898379
"3074",100,108.599188137544
"1876",107.98,77.4811720573764
"1129",102.5,120.286399286876
"1607",100,88.6397632427071
"2652",215.48,145.677186254751
"1763",105,164.998446013436
"2544",211.83,199.850614639764
"947",157.51,182.48397449821
"2144",441.23,343.682467763859
"802",127.5,128.707762693625
"1798",112.97,127.759722158119
"1456",297.53,271.686857006915
"3026",148.3,216.548656651158
"1707",105,106.578223378857
"2759",582.5,359.087435141334
"2724",112.5,156.831849329147
"828",154.94,201.210823142543
"971",197.42,211.153674061832
"2974",107.49,176.521978635126
"1870",187.22,185.479947559983
"2827",123.07,125.939721469129
"1407",284.32,251.489711422692
"1226",145,94.3789696459237
"1986",196.25,161.230751118459
"459",140.01,162.916270593806
"1725",102.5,96.2779417623776
"719",125,145.426848489996
"2895",206.79,191.216727470017
"1809",185,161.507888273443
"1549",170,113.669282627401
"1210",135.01,138.363320501195
"2645",127.5,93.1835683410922
"1094",157.96,191.127732887295
"866",470.69,483.562970499945
"513",293.03,324.176546896878
"517",123.51,148.166334070921
"1446",100,143.23140675451
"759",240,195.463349607754
"649",115,142.633322853328
"2021",294.92,306.757012625594
"143",113.35,145.628202065568
"2099",110,144.67673220801
"1054",256.64,243.124771884362
"1224",113.76,121.365476137671
"2456",151.99,177.534242844799
"2748",167.51,195.503083572614
"845",159.97,111.837086312819
"2872",157.51,171.630437009728
"2176",145,155.504201204313
"2050",335,395.13041232184
"158",110.43,136.920690296058
"3150",105,131.848833625996
"1426",101.98,169.50670011489
"1671",132.5,135.755720573488
"2082",153.75,154.437875090629
"2729",159.99,259.365573521191
"1843",226.86,211.000341662593
"1276",132.5,141.939038535682
"1614",122.98,141.440772005748
"175",150.76,145.523861932732
"777",200.92,229.639500942299
"1182",107.5,117.396377492305
"588",209.95,129.397248362291
"2473",102.97,131.08847879155
"455",137.51,116.125270583422
"2387",120,134.075612343207
"1624",126.74,169.459772025994
"1966",110,95.8561696268486
"510",125,129.006713420186
"1878",115,134.102799038994
"925",123.03,133.962221674439
"2148",150.01,177.287288309636
"1183",105.02,125.879436879577
"2988",152.26,201.194458084033
"2865",220,218.380458298191
"2152",109.99,125.098459865154
"762",306,234.700512703003
"657",138.46,172.327761226158
"1754",152.68,176.899528845691
"791",137.5,124.77148062437
"1570",120,97.6434220265604
"2320",217.98,173.644137323439
"497",120,139.967627613694
"1194",152.5,143.655031809836
"1392",107.5,88.6011619660881
"2561",537.5,362.018457906361
"2730",220,267.164982543149
"2601",167.46,182.921707713337
"1987",132.5,132.349280539154
"2800",235.01,277.130588124765
"1521",100,124.940417444649
"1698",153.75,154.926009806476
"990",155,165.948499832314
"1022",104.27,122.661269052407
"59",107.5,128.633473547529
"1479",119.98,136.532503952619
"2560",142.5,109.185235513448
"19",144.93,174.059249597913
"212",121.29,108.661990343339
"3165",113.9,115.317511811521
"2261",132.51,148.757076552375
"2158",102.5,111.509512992565
"2851",162.51,165.686175292571
"1368",199.99,235.12652493708
"219",101.73,129.201459213549
"1902",185,145.746832749318
"2222",145,204.395035482512
"402",130,136.362679493953
"1161",102.5,121.907383559443
"659",205.46,202.335668080437
"170",136.56,104.899865409583
"1158",115.46,156.237798197746
"190",147.17,179.254610724565
"661",267.5,260.558240151735
"160",132.27,121.618455618298
"1958",100,90.0073832126432
"870",110,71.252298200412
"294",243.9,214.580484974823
"210",141.65,184.979534860008
"2568",170,184.555289643906
"2199",285.01,249.721871482621
"2380",147.65,189.685544946928
"2861",435.01,356.151401978424
"302",162.19,169.128426181517
"289",125.18,147.277214656104
"2325",235.04,220.953013526931
"2283",122.5,86.8764447039694
"28",388.01,343.161109910174
"2265",378.76,349.103943637069
"2120",260,218.56280275105
"3196",117.51,156.119368108333
"3158",197.49,141.933655904383
"2971",202.53,171.551973982722
"24",348.09,293.864071091333
"1313",108.75,134.728094171423
"1428",117.5,142.318721692359
"1130",109.36,197.394053321464
"1347",161.13,204.658372760492
"2067",309.94,270.764861265644
"161",169.5,154.555512407465
"1028",111,128.429401858584
"2324",105.5,127.437145064303
"2418",100,107.075930133422
"688",100,119.296566162133
"1024",182.51,155.143565714733
"2477",107.47,192.531907941403
"2467",105,131.768515173995
"855",147.5,92.3794709834727
"425",127.5,137.200261506771
"2032",202.5,156.994432715372
"300",109.46,173.821125530831
"98",201.33,154.722301519812
"2882",308.96,254.679878405974
"101",108.02,151.509952276433
"975",130,109.230777652793
"2636",177.51,205.427433538108
"1778",163.13,173.296350566024
"824",105.01,105.132164495558
"2123",100,125.772598246706
"2399",172.79,188.175942793459
"904",100.47,148.527248517456
"1416",170,163.187624094525
"2004",197.5,175.452978828434
"2979",115.01,118.578478899776
"1849",125,101.672760995296
"2807",148.5,139.556798917401
"3133",478.65,360.637131715532
"343",168.44,125.034243859055
"1509",110,113.490553292054
"646",130,137.198421349214
"1394",106.5,150.519800378676
"1061",132.5,135.653579716476
"2816",126.16,138.2311001932
"1112",440.48,416.533721956924
"656",103.75,92.4605781481082
"1783",110.46,184.702245725651
"391",180.03,149.92255594729
"2766",165,136.651659710854
"1472",215.83,259.127757432017
"466",112.48,111.261387349953
"1776",110,120.091169837111
"2814",137.5,154.676678402754
"1909",122.48,146.452408127568
"1195",140,119.839068702746
"922",191,167.837574929429
"2381",107.5,122.324637720409
"410",102.5,140.7488883676
"550",115,81.1963144814613
"2554",110.52,168.898576105198
"877",188.46,216.425923153101
"1034",152.5,155.422560023631
"2230",252.5,205.077159932459
"2848",310,242.943855790095
"51",117.71,128.262303565067
"1156",130,181.06433158627
"1373",204.25,195.677913181694
"1198",141.25,177.851847843545
"973",195.24,172.502626829363
"2459",207.5,213.376657093358
"1291",128.92,130.279802726141
"1514",100.01,92.2446164229122
"2732",227.5,194.00985927473
"3177",152.5,174.686643109771
"592",100.63,128.165898956311
"875",165,167.367914513645
"2749",124.49,128.172168614273
"1655",105,120.018367414608
"2960",116.65,146.936883280496
"2993",135.02,190.240140665092
"2174",102.5,126.003455871067
"3107",100,105.114203059035
"2582",155,180.980570559997
"524",108.73,156.678475889353
"797",145,149.389042348869
"268",313.85,276.898027589429
"594",137.97,157.382787718756
"2755",110,126.391739027063
"835",137.49,80.6965348313701
"2046",791.87,736.596540023563
"2213",248.71,309.054853325703
"297",104.12,94.1343553930964
"675",112.5,146.921124720939
"2959",132.5,233.363158495862
"285",113.77,141.593382361284
"332",118.31,109.781106141182
"2786",130.04,157.703391290717
"2770",167,201.486197682203
"3156",107.5,124.446999693383
"2542",125.48,141.913082550129
"1618",155,119.215699711549
"1110",102.5,94.8975995065438
"1262",235,192.37300395749
"3047",137.5,142.396406379201
"232",103.87,88.8823978999191
"951",150.53,177.326027330758
"3079",152.49,172.190207873623
"888",133.45,186.962557279385
"2327",207.5,175.264716495771
"602",397.5,245.228085300826
"1393",107.51,129.462570569294
"772",101.25,104.934094801983
"537",102.5,126.156958127946
"2656",177.51,141.05147874552
"899",140.02,147.554686158805
"1336",115,108.645706943953
"3175",287.48,193.132673861345
"1527",458.41,490.472242128083
"1797",159.99,188.243470452168
"1662",176.9,188.907980176962
"897",212.93,242.174170662369
"2482",191.25,243.661135989546
"1744",110,106.3459748949
"843",121.15,186.708720271969
"1080",175,130.409978791501
"447",133.55,154.63804803223
"2398",100,143.230452505363
"2649",219.99,157.588196917874
"1566",193.76,227.950155178714
"916",245.73,229.803146607348
"3121",135,116.714939194377
"3154",392.4,420.756820488834
"1700",101,169.188246559632
"2885",160,157.432126398523
"1351",155.02,179.679566798357
"276",148.38,140.212178799687
"2781",192.52,220.759833735389
"784",157.25,160.595648423261
"1617",128.5,168.158294838474
"2025",172.5,145.864591272825
"458",167.93,205.657772385481
"2396",103.75,108.46632686051
"1959",105.01,146.256835578366
"2101",220,183.546150655304
"407",315,266.231886160626
"989",150.48,138.098900361966
"1859",175,115.416556361612
"2999",164.9,182.740935937173
"965",174.5,151.961306707871
"664",100,89.2645856052279
"2896",105,105.713970971197
"2775",282.95,206.420120606413
"2452",152.5,119.717597315332
"2235",125,132.357449151415
"2058",186.25,199.408254475855
"427",115,130.581141586875
"344",134.21,131.483075599457
"2680",226.37,216.133091701422
"1199",108.97,140.437785557482
"1275",100,123.400504693232
"454",107.5,117.418883312742
"1606",102.5,66.3533900704701
"744",125,155.48944631482
"632",197.54,194.305068204117
"1896",107.99,100.554639232971
"776",147.5,103.183308247224
"2221",280,162.527824435159
"258",117.16,157.4720238974
"2251",115,120.601600784421
"1170",171.5,127.913961500661
"2069",187.5,159.925194247583
"1812",211.12,189.211709532752
"1216",124.5,130.947215687157
"1714",102.5,96.0214236923498
"3136",105,118.589497950628
"2820",147.7,209.115769122348
"1925",100,96.5295374458126
"2973",157.25,185.158923628387
"2740",179.99,126.730860749402
"840",130,134.86606347913
"1875",120,115.34011451827
"2870",110,116.329788024532
"316",222.87,225.424731845592
"3130",332.09,360.609239639228
"1847",140,144.303910564036
"3166",356.96,136.827975024705
"2270",123,188.241540754987
"2642",105,104.218989875352
"192",132.7,147.581821668719
"3090",121.13,167.792460755009
"1906",158.5,181.084962326873
"237",112.62,217.469534853254
"2695",122.5,143.842987793596
"3172",110.01,128.008820853436
"3192",107.5,90.3717890040109
"1861",137.5,57.4053021515754
"2133",205.49,196.145394459501
"958",150,115.7322132222
"993",175.01,173.612015527557
"778",120,159.379049575226
"217",115.64,146.628420267301
"2761",120,133.677794771073
"482",110.01,174.502047247658
"1449",105,113.45031698934
"1362",174.99,125.592270923687
"3142",105,106.617025801409
"2933",166,174.645108403753
"1255",117.52,170.891674149666
"223",106.43,147.155675222236
"2954",225,181.328052601765
"1067",170,194.643151431644
"1984",176.84,230.67028520798
"463",439.57,362.255730239115
"1225",137.19,160.394560178198
"2074",125.48,148.752147670358
"169",167.81,198.87410154844
"2193",110.02,146.717794170298
"810",172.5,176.655145583494
"981",269.95,304.953973205745
"839",152.41,200.125336802017
"2883",112.5,121.956067594812
"2796",118.41,140.395783215096
"1823",501.72,422.252249227066
"2424",129.99,49.9638906063809
"69",115.57,153.365060048674
"3031",515.64,521.194473855408
"812",137.5,101.60170729351
"2516",289.99,190.026362802721
"1842",115,127.670707893371
"1197",161.2,244.853755355602
"2185",140,113.428911123405
"106",139.66,177.280643229619
"1977",127.5,110.18911436615
"933",229.24,228.120542166484
"2216",117.45,163.867646100005
"1431",181.39,230.124185598841
"734",102.5,72.5147568934695
"2138",127.5,121.76669294621
"245",129.55,122.498842213639
"2220",140,113.157347355041
"739",132.95,174.592136075542
"2008",102.5,93.4219696901081
"2569",108.27,160.080590490921
"2706",195,172.148707894027
"2275",112.5,115.101698568839
"2135",110,100.90239164018
"1025",170.75,146.762405272702
"872",315.5,295.44430519351
"545",305.89,231.17979735582
"1513",102.5,107.167376632892
"2359",122.5,116.369328827754
"3014",130,104.628718186158
"1558",197.48,107.910805282342
"1767",152.5,113.264702760811
"1406",161.91,210.26447505773
"1352",100,67.5671264015841
"43",260.9,281.668838275934
"127",111.11,104.251619371398
"2461",160,131.089019265471
"3118",117.5,105.969621431509
"533",172.5,134.880895131373
"1720",120,123.451153426705
"1729",115,138.923351612306
"1045",195,195.937517332108
"2147",101.25,126.893257243531
"1445",263.75,207.251063191043
"2337",131.6,154.640528910726
"1461",117.5,96.1730281495619
"2391",152.5,118.244753144589
"1550",123,167.812896537671
"1117",105,121.309423672966
"2503",270,192.85913016809
"1868",158.97,149.26291255521
"1089",150,147.369132490957
"49",102.5,120.742451462249
"1492",120.26,194.729191632659
"1289",144.98,179.924630645088
"2311",137.49,60.5540399922876
"2137",112.51,117.277952713377
"2244",134.94,176.765827847735
"967",202.5,148.789645098066
"2295",115,131.823680919951
"398",100,116.525518066672
"740",107.5,114.465767651402
"1749",109.98,159.379720659975
"2562",227.76,300.380110559001
"3122",130.65,153.157115720793
"1380",150,188.344006428849
"2921",152.25,145.625409613645
"2536",102.5,119.635382351381
"315",139.68,121.358074572363
"2802",105.48,125.15592135684
"2303",195,156.198459424556
"1329",533.75,322.123562249241
"882",170.25,160.89263813835
"2336",101.32,141.263304975321
"84",142.12,199.080840100728
"619",185,150.561863250949
"1791",100,86.0705214475599
"589",119.47,121.379385462577
"830",135,150.514361242131
"2746",120.65,175.286708682286
"2087",180,160.496861774078
"381",139.12,152.180940680985
"2141",117.5,153.845280510641
"861",142.15,156.204558435211
"3103",134.76,194.633308251229
"1637",172.5,131.986658414643
"252",124.15,152.616733299386
"58",129.99,48.2572701322518
"2578",169,168.852152381935
"1516",166.77,348.759332887517
"3035",105,99.5717015808474
"2313",241.73,204.080615695231
"1957",268.23,254.998840565269
"2538",103.25,99.5123978382411
"115",160.48,137.139933505386
"2339",135,114.49945534344
"2240",138.77,189.162443498845
"2006",122.5,109.484206408457
"2881",169.99,138.653835947245
"109",147.37,164.883130635778
"942",210,288.607473084463
"708",190,139.313948815079
"2196",105.01,115.374270657051
"936",240,143.860817584938
"3193",100,137.57823266691
"2920",177.16,229.803730829912
"2178",103,118.704816409955
"1181",130.75,116.76405594119
"1880",150,181.643712425183
"269",104.19,113.874009142738
"567",124.98,92.5439585598386
"2455",178.74,222.524770761605
"1935",172.5,176.642841281809
"2106",171.46,204.079612009749
"1074",218.5,182.498096275538
"1526",145.5,187.704567680474
"2052",117.5,93.1986825251304
"2281",102.5,141.0417391831
"2705",195.48,154.940388998427
"2615",117.5,101.052275925915
"1605",117.04,173.596826466589
"1912",142.53,204.713290808693
"2931",100,80.0450417112208
"770",184.3,148.074989783524
"1574",100,96.2516343306595
"1927",127.65,171.335765563645
"2346",207.5,138.698234983036
"1217",117.5,103.466663282238
"3198",222.96,192.620364005442
"1883",173,199.755147322683
"2190",132.31,149.674972908462
"2322",142.5,111.252685670296
"144",129.17,150.164670384147
"1283",184.98,113.517280734152
"894",102.5,100.213183910758
"2156",194.99,223.116010574066
"2055",217.5,215.960742681936
"3148",253.7,222.210008304916
"1815",136.26,197.095822793895
"599",110,130.627306904912
"191",231.79,144.85588156125
"2914",224.99,188.274546861604
"400",116.8,131.784709131035
"1645",105,144.783931143217
"3094",148.75,160.509091409764
"2842",242.5,162.098933752931
"1324",107.5,94.096473366149
"2621",139.96,156.435861120714
"718",110.48,172.142839026661
"1066",132.5,102.232878485357
"1489",770.95,539.659010053101
"2044",125,118.640891041724
"512",132.98,137.645072959824
"1163",157.5,144.464998899373
"1134",150,204.886978813822
"1856",156.25,156.675128830426
"1807",187.19,190.806403778759
"2763",124.47,113.705471445383
"2588",147.76,191.545965829109
"2406",100,128.550385761773
"1390",197.99,222.2665053243
"1318",125,87.2154984224218
"431",109.96,128.13566852177
"3147",100,112.894343842082
"640",127,110.99838773735
"2686",232.49,228.167024032563
"1599",242.5,256.003259910292
"3124",177.5,184.66530316815
"353",112.48,108.329831646352
"714",110.01,121.822913037439
"1466",157.5,137.196991684997
"415",200,157.137492640164
"242",174.1,154.465122603106
"1077",196.21,231.120416340707
"893",131.26,129.029280304619
"2906",418.6,424.801048275632
"653",139.93,172.621782604503
"2941",137.51,168.465686380121
"2162",215,182.504486630966
"2687",117.5,95.4748997838815
"1582",225,183.51519761751
"2932",323.15,326.10626610128
"2584",275.25,265.028900604319
"465",212.53,308.768824672985
"1073",177.46,215.188481501387
"1577",328.43,276.066386986615
"1302",217.5,197.131520475896
"1648",134.99,175.320890708189
"1821",102.29,123.559191649827
"1215",170,161.110726058236
"959",120,148.695124744731
"18",181.71,194.24385017185
"10",112.62,165.961627404385
"2479",126.2,162.048823913489
"2575",110.49,106.871992008609
"1043",224.25,170.480062237497
"1787",139.79,181.302026266652
"2722",144.93,105.111117166597
"2168",180,153.406168652848
"1511",143.47,152.943699851702
"1879",125,87.0751319764344
"2104",155,154.425132632187
"2945",247.25,238.248492816173
"1968",149.99,57.9378678699346
"57",139.48,160.516140240027
"2845",385.38,324.365545167747
"2486",108.5,151.507892705043
"1604",247.99,241.24052422485
"2290",117.5,121.282828955666
"2751",163,135.228247813417
"782",157.5,170.215534122396
"1989",220.5,200.264867740756
"2445",102.5,73.7191179173546
"2822",250,236.874093559197
"3",135.01,176.814110376049
"2450",310.92,277.240189924282
"367",157.64,129.775854904267
"122",196.52,255.951136046607
"3162",222.49,139.663060283099
"793",185.53,195.03218650242
"1301",240,279.946421241113
"1960",116.91,148.743197735697
"2925",290.85,266.804075381493
"1711",143.5,186.107410794258
"2334",120.75,136.178721673196
"684",125.5,110.200395418678
"614",142.5,141.291503830722
"392",165.48,171.206164148417
"176",176.27,151.766683180812
"1369",216.93,270.855221260586
"1203",112.5,146.226103634036
"1213",257.49,192.372048445067
"2179",145.39,180.498261025441
"90",108.08,98.827875737494
"500",361.21,298.282069900259
"1259",210.97,202.122405050079
"579",107.5,146.948355230622
"1409",100.63,119.539381919142
"2984",209.99,195.741060715114
"2685",185.01,191.941107967852
"2679",377.84,274.878815627856
"356",116.26,144.518767727781
"1007",254,176.620317331343
"1668",192.5,214.025150519705
"1595",247.5,267.812067910398
"2753",267.46,179.87683459039
"1983",284.26,303.192343198116
"2497",187.98,220.360544919006
"2481",116.89,131.091333000102
"312",242.12,282.969268747091
"611",120.79,193.4435448676
"807",170.5,174.803098037143
"991",152.5,122.410647929183
"1545",130,110.218316008024
"1965",112.55,136.030534263056
"629",149.99,121.699623761375
"1990",120,162.311023323977
"38",127.5,113.454898618613
"1588",122.5,155.055136954912
"1969",109.57,173.26118381114
"1119",420,270.571818152044
"493",137.5,152.972734295127
"46",182.5,166.808228542299
"686",124.95,169.011020099818
"2215",105.49,119.282336390852
"2259",120,134.717856226785
"3207",120,120.43381623311
"531",183.44,219.899635389725
"2963",163.46,173.353983239032
"2572",422.5,292.195471005568
"985",199.87,203.31253233799
"251",103.26,95.9895463126003
"677",145,104.034539568753
"2659",120,123.878316154364
"625",110,121.432792930167
"2530",225,174.053904763615
"881",173.14,141.795836369351
"3112",213.5,196.033205600584
"114",322.2,202.481426641528
"633",277.5,219.971321016963
"2329",111.5,152.454010453175
"1174",155,145.274761949295
"1148",105,90.3121799566223
"3025",172.5,200.540801058619
"3075",179.99,128.251353426993
"119",171.77,186.566507567837
"1667",140,150.374114826683
"871",238.23,247.745818612603
"2119",200,157.792805445421
"1857",182.51,183.69575875753
"334",104.62,116.480101989113
"706",179.94,149.660184082321
"2912",402.42,222.188944613086
"3144",276.79,218.387969024117
"1343",140,177.006861340101
"1646",392.78,358.114122693758
"3078",100,73.0707989636663
"3021",271.58,230.796698407843
"2365",305.01,273.414883273047
"1773",227.51,222.469851168469
"181",113.71,92.1656494466487
"1076",202.44,196.404122465744
"128",156.33,104.906976924189
"809",184.5,153.822970788026
"3053",159.99,154.788710570014
"2492",116.75,119.780947127654
"1836",132.5,112.390587302089
"1101",203.7,197.012424101831
"1713",100.04,144.736797547785
"1583",140.03,135.452602331864
"2517",112.51,101.017706152269
"2982",116.25,132.929816962663
"1559",185.02,245.149369411786
"2713",150,119.302807183338
"231",107.66,98.2554350481884
"2280",102.5,105.719058337287
"2784",260,250.779262746995
"1451",132.5,188.129863495805
"284",100.21,142.574793551458
"2498",107.5,81.8343011347899
"622",107.51,129.091079622335
"2877",287.32,309.866067105775
"22",199.93,180.231139811937
"558",207.5,198.10984823042
"307",113.95,115.654262018105
"2950",246.6,164.861800315729
"2376",147.47,166.796199419035
"2338",112.5,91.9607878942143
"1685",110,109.092352734514
"1188",175,140.559909385767
"1027",164.97,114.380186668518
"2233",107.97,154.571433097005
"283",148.06,131.039929405878
"177",131.06,178.303285917394
"3128",200.92,288.792157584105
"3115",148.76,167.555072044411
"100",143.6,126.489167322797
"1520",142.5,180.351342901015
"1100",177.97,130.099754055732
"2556",193.23,149.09834869152
"635",142.5,141.576516467585
"369",138.56,178.4625922265
"3151",190.02,239.339549246382
"1189",145,107.719996681199
"2551",102.51,161.970971913962
"3195",115,169.335075458117
"397",102.51,149.23970870445
"1781",114.98,163.222880127752
"1232",105,119.564576554094
"2011",100,108.491605584066
"1573",273.14,193.423930366135
"31",100,102.141599963488
"2768",154.05,206.487616191696
"2079",142.5,125.371206164896
"1473",217.5,172.940148477315
"250",162.51,204.789534786359
"2145",123.7,209.297699618801
"1572",127.5,120.875757481563
"346",179.63,175.673929292591
"1733",122.49,133.490450361139
"2191",192.5,164.054339434539
"978",472,346.914263857648
"692",427.51,454.796254505196
"603",267.5,222.723307933133
"518",205,191.676128953654
"2893",115,137.70785825985
"2957",185.48,202.462704219668
"1552",122.5,132.408266065173
"1266",146,172.314062551031
"2484",122.5,132.885194946085
"1757",177.5,139.449171734656
"47",281.25,217.183254865442
"2408",105,124.129346383597
"118",104.24,119.880981180556
"1844",112.5,112.013954418334
"2710",185,157.990581365047
"1253",112.5,102.262979896529
"1967",105.01,131.925768500329
"1346",245,190.455152336761
"1541",129.97,136.4478684416
"1179",145,152.725687236298
"2314",380.08,365.834443176744
"2080",146.5,177.413843742433
"1888",134.38,164.89789169818
"165",107.49,137.579178593427
"9",164.96,193.69845698127
"120",100.13,121.918892021821
"1991",177.49,131.572157213661
"2591",102.52,119.475022105451
"721",100,98.9781860649702
"2202",110,132.561498025042
"1356",119.69,168.710570083931
"1218",190,138.425347345274
"880",115.49,143.171317462193
"732",107.5,141.481922566917
"1851",175,140.316825415812
"96",124.41,110.119883960401
"832",128.51,154.268856817602
"3104",105,141.442593015477
"2440",120,166.86953361146
"1564",152.5,133.832521702852
"795",145,110.48367714126
"2316",212.49,137.491476298346
"314",101.67,85.6988703012266
"1790",213.7,234.044210099242
"2022",145,116.169018900317
"2501",319.03,370.710408718207
"1755",122.51,178.636655753675
"1358",404.95,364.130201465535
"2754",419.84,425.655745131401
"361",130.23,97.205771569618
"1196",142.5,142.78276107418
"2714",118.56,134.068910184449
"1976",235,229.343037955804
"54",102.5,91.3516609412711
"2420",103.5,120.649770250413
"2862",132.5,119.799992454309
"883",187.5,142.675056763849
"3028",187.51,250.473093310849
"211",135.57,162.320329027759
"2468",100,125.220104640109
"918",160.01,139.204889095218
"774",105,94.0476495218014
"939",253.75,227.199267481169
"2892",187.5,146.903652812549
"2282",119.99,135.829468730351
"352",380.34,264.993701929527
"2160",195,235.512890645351
"2348",157.51,144.478434914438
"2727",377.5,335.68926531873
"2170",132.5,120.909047072791
"1455",214.5,205.439227450754
"138",179.93,198.547307964828
"3209",137.5,158.369727529524
"2494",185.46,191.451403810624
"1143",109.99,107.953682715989
"1011",105,142.253290384905
"1401",129.01,114.285857580793
"2616",100,108.291104336649
"2039",313.09,317.858142750168
"1278",107.98,124.193676615722
"1230",107.36,160.945467372134
"262",164.47,133.225531244427
"1708",372.99,249.271351947201
"1072",125.48,167.942668342364
"1751",172.25,156.864189181197
"104",111.47,121.322210837404
"1834",127.51,137.241343274651
"2321",100,79.2294251643844
"2405",114.96,129.480799490217
"1437",339.99,317.183724553711
"2118",108.45,166.446298810017
"16",117.5,80.9236356974956
"785",200,211.561276539773
"935",150.01,146.703130598479
"1021",112.5,84.9293597999021
"1586",210,151.421520875496
"2049",107.5,122.325652107429
"1396",187.49,175.461216837309
"2665",201.51,216.24841578199
"2356",287.15,249.861799553117
"2360",107.5,128.238575640998
"341",143.05,130.41091927554
"2887",126.35,173.413485796579
"962",217.49,170.192263387131
"194",124.16,127.399500228584
"2953",189,158.11921857116
"1269",115,112.218955783481
"887",224.9,244.79201409358
"2308",147.46,95.0495808089004
"1837",120.01,148.045441529506
"1421",142.98,129.389142552641
"3002",156,186.883782664191
"1569",145,193.68276476504
"241",140.88,138.79174708221
"605",216.25,185.498990148256
"2319",110,104.525132850398
"354",143.05,187.022185331584
"2555",197.47,158.083453230727
"3016",102.5,85.3831557054848
"3205",132.5,161.739993604698
"1705",146.28,157.720809800654
"651",125,132.1889911205
"3159",579.15,404.722044654043
"970",107.5,126.788368456136
"1017",137.5,140.803902975601
"750",173.48,193.801630467148
"2762",160,126.357329565974
"1114",590.03,565.40673488674
"2650",162.5,142.595054486312
"2944",176.99,224.537541822942
"1228",155,122.223185231945
"2655",187.49,113.330796052806
"2354",262.97,266.60150729044
"612",124.92,187.853502882984
"1010",241.88,211.367769154765
"1735",244.46,196.789407679377
"1281",100.64,103.548028156979
"863",250.99,309.122880894112
"2385",211.99,175.757068298374
"696",103.25,128.150396219319
"1270",105,120.279106294906
"994",167.5,149.753140467953
"587",137.5,165.600999535575
"1211",113.01,183.07238367189
"504",184.97,149.013128841458
"1184",307.46,279.413534412979
"2586",112.5,106.777448000921
"2366",160.1,79.515868954571
"1353",110,112.224445259995
"3054",130.01,131.261859335277
"325",168.38,161.852272931806
"2734",122.5,120.291466698509
"927",106.63,113.915129096231
"972",189.93,230.7485926247
"1808",752.25,645.84603581505
"1561",115,103.388193767856
"2432",117.48,137.304428219879
"3099",115,121.107746986579
"525",300,281.995235629429
"2300",187.5,176.430733062676
"847",142.5,137.404957781251
"29",152.51,169.826451871828
"2726",140.49,172.831017313394
"2328",164.96,196.470786290736
"1531",187.5,214.86257626297
"1785",150,165.021732749787
"1924",110,109.876027547121
"2531",110.49,156.329274865645
"2677",145,125.652411920025
"596",217.5,260.546945904364
"1420",110.49,174.252475015458
"2823",120,115.356136947687
"621",111.01,125.58356919452
"1539",100.5,154.618582460215
"2284",105,144.777332685568
"372",112.08,121.390348836318
"658",111.05,165.510719196193
"794",211.51,219.764675838651
"167",132.73,147.37893976998
"1529",255,222.863162064964
"2577",242.5,200.605120174795
"3173",145,155.964647248948
"2086",188.66,206.592238352223
"2454",166.45,215.959455273244
"1687",134.75,125.858148186932
"2546",102.29,147.565158022108
"1877",155,146.990853280439
"1710",112.5,86.3856060683503
"1367",122.99,128.301864507855
"2390",140,119.055054816156
"2448",152.5,131.314940686365
"64",102.5,149.866279740453
"895",157.5,128.522965890816
"758",248.3,188.225186055672
"836",119.97,166.227806047673
"366",182.08,132.015975880816
"680",250,264.283858420811
"2291",203,184.637772059018
"2977",132.5,116.214808554766
"578",132.5,120.75228495576
"246",135.55,188.564606871154
"63",181.5,191.095898658917
"1712",229.98,231.538245000756
"1018",157.46,149.329632724939
"1709",154.25,181.435167749763
"168",291.08,223.196790610873
"2668",459.96,411.212325692416
"274",108.65,142.411803306408
"1563",137.5,98.3656454361242
"1601",139.98,84.9580220003574
"2098",265,140.303074650062
"1320",521.04,427.083816146667
"610",105.93,175.777844152913
"422",117.5,142.260014667385
"1690",199.99,149.337402772398
"1535",152.5,174.902698034929
"3202",117.26,104.677818723895
"1568",135.02,139.187451757971
"1825",102.5,100.149259189108
"2824",137.5,131.069169589053
"2449",117.53,103.068056892225
"1971",210,171.614117128738
"1998",180,187.107683938177
"1388",248.72,302.03873941778
"152",112.89,114.814606386282
"1734",105,99.5284135311105
"1006",180,179.76205503382
"821",148.75,106.182820605603
"627",100,106.146399730305
"2532",260,175.642775097043
"3084",105,100.150332379182
"1962",102.49,140.679188020878
"554",145,137.249805918046
"2341",128.25,201.4279684462
"423",137.5,135.692333101003
"3153",206.82,227.05678768655
"3105",135.01,163.472355019589
"654",326.63,283.557848172515
"2911",105,140.523098914703
"121",123.06,92.2038153182384
"1940",150,172.044981874303
"2596",105,92.2882551247897
"2363",190.03,157.603470054601
"1175",237.99,208.502945718873
"1124",109.5,115.224555474805
"1704",122.5,95.7657251944118
"2639",174,200.020505854412
"2304",288.14,304.616915381704
"1497",170,180.556054994437
"2478",110,127.313626727453
"2956",102.5,117.841230551671
"597",125.49,124.889313455385
"3131",122.75,164.239870995544
"538",140.47,241.273686066475
"1721",132.5,161.959949303625
"2505",313.97,313.967827436939
"151",159.69,139.507307795821
"2102",195,135.132932681407
"449",107.5,100.742072890611
"838",126.25,120.677423913198
"2836",135.02,130.556866906328
"1296",178.66,234.22277518377
"2412",135,111.247483545512
"287",121.53,138.061747116851
"1884",167.5,154.397235535422
"1233",205,160.749684558489
"1542",187.52,190.861144837166
"1890",100,108.01336070963
"1087",112.46,134.49700414631
"765",121.5,167.947355308465
"136",101.85,121.819981350926
"2318",107.53,155.908513389355
"3191",205.97,209.091245328224
"2522",172.5,176.689391319807
"771",282.62,300.675773627391
"2728",130.4,174.153554390225
"941",175,142.253184039936
"495",170,124.792837753601
"243",114.99,124.218866882289
"149",120.47,132.781826190589
"1412",135.21,135.208051144743
"586",150.59,147.776247600171
"305",150.88,120.947342197851
"2272",237.46,231.326955124544
"2064",137.5,101.96624789085
"819",102.5,115.208174811013
"1322",114.99,123.029198766045
"3109",160,125.494481425294
"2540",128.14,100.581949928155
"1115",169.99,198.899480127379
"1464",172.12,170.151163559907
"3040",234.94,187.758336416674
"3029",304.98,200.39839147518
"2630",160,110.15968287051
"6",150,169.291854224006
"2475",205.93,175.426826923971
"1377",142.49,174.740748885531
"2277",107.5,126.426965589886
"1620",117.5,155.919129618045
"2116",145,156.7599641259
"2769",112.5,146.668445274383
"2285",100,127.153568016475
"2247",144.84,206.146920609032
"1201",232.5,228.491139113334
"2413",102.5,126.826375260495
"1121",147.96,165.582933686266
"907",179.24,194.790629094009
"2431",139.98,171.537764531548
"53",149.99,76.6114882240738
"394",125,152.902667464788
"1774",129.88,155.517972779064
"221",104.34,113.66926511791
"1948",120,195.485930257295
"775",146.22,137.086425001155
"3071",357.96,351.335888342356
"1782",101,123.953071287496
"982",152.5,158.934182735572
"1441",277.45,169.360545113399
"976",132.5,103.951483286563
"1982",598.47,526.601152872578
"130",149.1,184.637393500396
"3020",219.85,236.576814651224
"2798",135,118.333128910881
"1085",242.98,192.467870584852
"833",220.88,191.937150776778
"1996",125,118.065792932123
"511",142.5,166.401921955456
"1014",232.49,263.924622473865
"2985",308.27,134.271453083921
"1623",167.48,214.100423227658
"2813",185,125.874123513974
"1598",130.03,176.886470552727
"395",105,124.824651934682
"2059",189.93,161.435969996179
"2260",117.51,132.20744389489
"1038",181.25,220.94951324366
"222",202.45,170.571154094143
"1760",404.58,338.759949778813
"1895",257.5,224.12535612539
"81",114.45,138.024467330341
"979",252.99,181.672171744992
"2065",120,126.530231360617
"1702",210,221.102305500183
"1052",174.91,245.136463049518
"2379",192.5,149.374030504936
"2843",115.16,143.499951299011
"643",140.51,123.80601526187
"1164",170,137.847976015668
"494",208.72,198.758885207165
"86",258.48,186.19998888363
"2537",102.52,137.479814230034
"2100",117.5,113.278780186754
"2289",137.5,124.164381488522
"2458",150.24,189.692209709282
"155",103.04,133.126321226021
"634",142.5,148.8628900651
"2243",100,79.8733207510541
"2212",202.5,171.691878379849
"1575",105.01,119.495013115306
"549",105.01,122.871713519419
"2018",130.76,129.078785979511
"83",145.09,131.625305575474
"374",130,131.881337247575
"2983",115.98,107.44547390182
"2776",105,106.695944289027
"1000",142.5,121.029960093335
"3076",102.47,98.6932892646168
"2470",112.51,150.979273643692
"282",120.59,81.011110147937
"1693",107.5,143.183322894098
"162",108.47,107.078652766253
"478",132.5,91.7217208202045
"3039",100,115.041663577647
"1127",187.49,88.7046454644919
"485",222.5,219.53438221771
"2839",102.51,111.740318428512
"62",414.15,257.927303699183
"2812",111.25,123.48982956213
"2635",277.53,181.482564951759
"2382",102.48,108.725973062016
"2521",172.5,145.097689733967
"3141",105,118.008355355311
"171",134.89,186.619966015542
"2301",212.5,234.491135085472
"2539",195,165.335242714134
"2681",100.01,89.4997349391658
"879",105,98.067972755867
"1097",167.5,133.12059949827
"1689",150,155.378331067538
"2500",302.5,270.597029607033
"2463",135.02,150.250588079859
"1204",245.6,183.330803459743
"601",189.88,179.777861019642
"757",100,106.492244556773
"390",125.96,140.663231194607
"2541",150,116.553091119712
"2737",162.48,144.687427669688
"1457",257.51,246.190516692693
"3190",188.91,217.917411437361
"2417",198.09,151.802883987126
"1415",160,152.123764869261
"1056",187.5,220.643049737972
"3050",137.5,94.3028683739329
"2566",262.99,236.693737832856
"2778",195.75,215.161236749842
"2189",152.5,151.442390283794
"1929",145,189.203313736323
"3044",137.5,118.865829786273
"710",120,118.780629086242
"581",175,172.556465295391
"1475",235.48,178.528013528822
"1403",130,99.5131466766539
"2890",218.21,187.489696711107
"2548",224.98,199.337905863839
"1939",112.51,98.5350510257414
"928",117.5,102.054750361722
"3108",156.33,159.330986875456
"2279",120,105.331491330457
"1389",100,137.43656955194
"1057",395,268.278873911911
"140",156.67,151.778010920136
"260",147.19,148.660958741198
"2386",100,82.3351167686559
"2923",162.5,140.011682954899
"387",152.5,142.309140638764
"695",229.99,146.693408299965
"2745",174.97,209.483468982879
"450",102.51,133.056336088516
"2791",117.5,126.923729703554
"204",124.33,101.519495253486
"1913",236.9,200.064703719931
"2936",112.5,129.215194233785
"1037",120,178.021598571535
"65",130.44,172.813418934253
"1523",155,180.664858685713
"638",248.9,328.175160983379
"1730",247.5,214.550653849604
"674",205.01,236.835668952005
"1839",132.5,161.384973811221
"725",115,123.988689577665
"921",140,115.856274509521
"924",184,187.614615759938
"2902",106.25,94.4425119867034
"1206",189.03,249.7218703601
"964",294.79,372.456149700474
"2797",201.22,214.420956630371
"1092",196.26,219.838502157889
"1159",188.67,194.160324847958
"822",140,148.103903344
"320",101.12,161.359882476495
"1340",240.03,248.746083238703
"1400",105,81.5858908222773
"1579",140,118.298500666566
"2579",210,138.741978273646
"565",267.87,274.483853845017
"853",102.5,123.978199104876
"2617",112.5,114.058091908526
"2278",156.99,179.479782164324
"1221",157.5,122.37813265186
"2640",110,113.976543161568
"543",193.74,160.245508619915
"2180",132.5,121.678937093826
"999",137.98,91.4291594711603
"2592",277.5,224.52072479843
"3059",252.49,229.404488990458
"2299",122.48,109.295509007897
"244",375.2,282.054307569948
"2760",269.21,320.269852463095
"1941",177.49,127.348802236973
"2612",399.01,458.030289236182
"365",184.62,183.957523861152
"2867",115,79.2774903957228
"452",125.83,157.612126212756
"905",100,107.145730039255
"1200",132.5,152.565861459576
"2918",100.48,136.040521767378
"1546",156.75,204.83226675663
"806",117.5,103.779453057491
"2986",114.98,142.895407722224
"552",142.39,94.4718802803341
"1848",167.5,138.961275917373
"3048",100,115.95868440731
"2024",103.58,169.737591437946
"330",161.82,169.266052893371
"624",180,185.851012559698
"339",102.72,119.462623140283
"745",105,115.465583153103
"1950",477.65,438.391909479277
"2103",231,177.869081910673
"2485",220.96,250.003053578586
"2421",312.5,278.551628363317
"1746",212.5,169.214068045535
"35",159.97,179.159513448652
"1963",192.64,232.258287311281
"848",195,137.298846329988
"2997",130,121.113217379507
"1613",172.5,149.299116922624
"139",222.1,210.55669342522
"1827",100,103.072639168079
"2750",148.77,158.539248139446
"393",135,139.688910166198
"1585",110,127.951081858248
"111",102.48,90.732282176718
"428",133.89,171.678397691263
"2528",162.5,134.963344017066
"2752",688.23,431.459132436771
"792",115,122.530297418638
"1833",217.46,224.506885860791
"2245",137.55,204.478457043971
"3043",137.5,170.687044001643
"1202",230.02,238.16954344326
"2989",170,171.591262105813
"97",101.24,147.671288038674
"430",203.22,237.793419798717
"2110",135.21,231.711940766887
"418",130.48,182.809079532962
"112",135.71,129.207874121226
"898",270,235.434992569026
"2035",573.39,511.617633629631
"1945",106.15,141.059504148243
"987",107.5,89.7476832365503
"2765",184.93,245.993850676001
"156",207.86,213.9812505326
"3022",180,138.421608306656
"1300",105,120.09623850901
"1658",180,152.329237891927
"1104",184.99,169.720369998484
"290",128,165.620374179721
"2589",228.11,194.568682980505
"1310",170,183.854836766659
"1058",145,167.962582574981
"560",175.89,186.270243429954
"1385",168.66,204.166515770192
"2966",667.31,720.154097339
"2159",192.98,146.129853587825
"1988",327.42,393.254059722276
"743",217,235.469762836227
"1666",100,98.1392937243983
"826",142,147.337834960867
"178",111.03,83.1662615561104
"2606",206.11,237.75004666916
"2916",342.5,365.299815874055
"2437",108,107.806899690904
"2741",217.5,220.905742482016
"1548",116.25,123.126800232759
"535",126.5,115.225020243705
"1418",121,121.724557249251
"1422",156.45,188.009177356403
"2371",197.5,141.758116999836
"2061",184.95,204.725780753859
"1145",117.5,135.608283136086
"2620",145,141.416233340844
"2549",105.04,135.828149505093
"914",222.5,209.104876013053
"264",153.28,171.821460244645
"1084",231.04,274.610905965709
"75",195.3,154.043246045637
"2312",217.5,188.395035481491
"3127",189.99,139.750186153493
"1330",110,70.0774980272638
"1819",177.74,221.721456955783
"780",136.5,172.833008363994
"1854",130,137.364398854803
"3083",245.03,219.711582971521
"2204",112.5,107.357529248965
"1294",220,180.10638780804
"1254",237.5,249.015772653066
"205",315.16,234.154657935454
"1918",195,137.888444150506
"1872",185,160.384783768461
"2197",121.75,159.0209561039
"2183",203.47,285.911173043214
"1468",237.5,208.004305667902
"208",136.78,163.621722981238
"1678",170,174.35074855096
"1308",156.3,213.215349378517
"1417",205,181.557013514479
"2811",165,110.357416094514
"2422",278.72,252.849992581032
"1507",140,141.830558602465
"2400",125.53,156.057416410558
"240",100.68,120.947661283574
"2287",302.5,287.79814884723
"1846",148.97,155.148248593999
"2292",100.94,166.175671817487
"2525",150.02,137.675140233358
"3101",118.5,134.878407709884
"2972",127.5,137.23968653511
"801",100,77.1418894014374
"1258",209.99,204.118467973623
"815",212.5,200.614870681311
"3183",240,137.646129237653
"1465",155,140.884850917293
"1433",165,197.484500105853
"1317",637.5,586.622153070584
"2219",127.97,156.74902276045
"2703",107.49,125.028287233047
"1405",151.26,169.414728625374
"2648",110,110.02338116263
"2610",117.5,135.823228083704
"1287",100,88.171997002684
"723",116.91,163.147597388957
"1002",128.5,112.197054677932
"1429",144.49,133.312543182252
"1881",412.49,280.090285522683
"20",182.36,162.882566632465
"2009",122.85,143.423804466248
"3186",300,244.429787326548
"540",132.49,172.832613252692
"3092",123.74,101.801746834476
"2194",110,111.259899911738
"1824",170,89.7366181240498
"1106",110,99.7115461637542
"749",115,117.877855267141
"1911",140.98,142.256065909797
"1688",175,197.276928710056
"779",105,102.705310012829
"2014",132.5,134.454294132839
"3057",366.79,240.475029640328
"949",119.99,104.925573187483
"996",110,136.143210679257
"2666",165.92,237.505951389587
"2428",137.53,218.523781122168
"1015",110,102.518818044689
"769",132.37,114.934131745767
"1916",182.52,213.081085626918
"1887",103.66,100.485345821012
"378",102.5,130.639595647372
"713",145,168.185873665762
"712",132.5,168.023931405918
"36",102.53,125.592403229706
"644",219.95,153.806667503378
"715",185,155.150218743088
"324",135.99,97.4218442754125
"2826",102.49,148.018934778377
"23",172.5,181.931953600184
"1234",180.9,207.123700726054
"730",115,103.108356570156
"1818",205.24,199.586757476532
"1719",187.5,149.435513754976
"77",135.2,146.513123186416
"704",301.42,184.320356070302
"2949",137.5,173.726431237831
"370",108.71,141.928918461942
"2225",227.48,91.6568383038322
"1166",100,94.2317391112609
"1508",190,189.931708771978
"1898",167.51,164.900581637659
"689",110.02,216.629722200057
"419",290.89,256.085823404944
"626",188.84,270.416863063664
"388",106.45,154.373315843147
"1557",135.6,170.544952708816
"796",232.48,227.100382791635
"80",156.69,157.047531702922
"2063",112.25,146.416206179624
"2310",180,153.883256580295
"2700",119.52,183.126890502832
"2378",131.24,156.02459561146
"462",119.96,158.008539861401
"88",103.9,116.026329483053
"3065",207.5,187.870088412725
"3176",207.56,244.60651231434
"1621",102.49,68.3258331671212
"1609",113.96,137.247492929223
"147",111.68,133.153028070284
"2934",102.52,154.053239268479
"2913",107.49,145.040765421251
"2866",170,131.627457151787
"527",113.42,182.457173721744
"3033",127.5,150.41695935906
"471",142.5,174.214192448822
"645",103.25,103.524731655109
"1634",165.47,160.412102314171
"1307",137.5,145.502089834718
"515",120,149.669113681436
"2306",122,169.683538683853
"364",131.67,167.417736110617
"825",187.26,125.331604503638
"275",105.9,153.25140548163
"197",112.08,111.771185562604
"2466",262.5,180.274326381845
"154",118.12,149.06595204858
"1419",307.99,251.184169984275
"2605",245.46,266.623287789857
"45",140,87.3704930259683
"2030",122.5,161.696097055452
"2181",105.78,179.544327631999
"42",107.5,113.351551744526
"1220",175.45,179.134390802056
"2632",131.71,171.946529810591
"3064",125.49,137.040125531382
"1674",116.8,127.713789109051
"2830",181.26,243.147990595428
"1065",437.45,373.98023455855
"137",177.31,142.544926508184
"2962",359.15,468.301250207886
"2462",160.67,193.356051815163
"1321",170.59,93.8950428477532
"1020",106.25,90.4295978817959
"2891",124.35,170.369062497879
"2344",117.5,148.325398627831
"701",137.48,159.77514144329
"1869",137.5,123.110490258152
"1285",120,124.272023069604
"1436",295,240.7128524045
"1053",197.51,189.083860223174
"2250",122.5,116.81539293434
"530",252.49,169.101893969817
"123",196.3,162.815392706257
"954",107.5,114.51877174499
"288",190.73,231.499538704646
"2852",112.5,103.775393365712
"474",127.47,153.233772238885
"1029",170.86,156.424369779613
"201",260.42,240.008083802023
"411",111.53,88.9348158077
"3157",142.52,177.541376523827
"2441",125,171.793385862884
"74",103.83,95.6356703139588
"1404",102.5,136.375686209575
"206",122.83,141.434177018436
"2177",290,283.48986860806
"752",112.98,147.597936215307
"892",112.48,132.236270751666
"2721",222.5,199.460175750869
"751",102.5,172.100704090228
"1578",130,130.171975127102
"1571",121.5,150.222656041469
"3149",165,176.167577425405
"2200",102.99,132.902066672607
"551",229.97,241.950868350237
"2184",171.25,122.592719534507
"1853",220,194.529516726849
"1979",137.5,152.428394920575
"2427",119.98,191.084931826248
"94",113.34,155.365194171738
"2453",419.95,364.202764453269
"2388",234.99,202.226640004504
"1348",215,182.727866681577
"2206",133.74,208.347361322643
"296",142.84,140.518009307945
"963",102.5,101.337744937584
"2043",269.97,230.261720926007
"2699",105,117.081758804662
"1670",142.5,116.776217946616
"668",112.96,137.044597619893
"1032",120,97.5052966941849
"1399",368.9,353.009849905558
"1726",147.5,183.358928517536
"3082",130,138.161555677936
"405",157.5,134.076117082006
"179",127.98,118.178930748886
"1252",169.99,115.918292102755
"172",119.2,107.630287024141
"1799",236.5,208.010001114295
"1943",190,204.818227910205
"1478",105,99.7989043762341
"731",169.97,140.292560709187
"1470",150,159.207198511777
"2690",120,116.83393035075
"2661",107.51,156.783392285513
"616",145.25,108.611923224159
"1801",200,167.960200586237
"432",115,149.697540541856
"1126",106.22,140.668905719204
"555",197.73,231.992771668811
"2154",105.01,126.997489065339
"50",254.99,198.597462941309
"811",197.5,174.740855300656
"3097",138.37,106.463253819467
"1374",139.98,170.041601177373
"116",181.51,115.88771523281
"2172",135.81,223.383502386492
"2296",174.58,192.610627567647
"2597",140.5,140.750223500077
"426",142.51,133.568620795141
"2708",160.46,212.211343987717
"3137",281.46,262.632840317021
"618",159.67,178.214291154619
"1444",157.98,131.923247927213
"2236",106.17,131.962800094862
"2602",110,111.110258638151
"442",120,152.325868523907
"2502",187,119.946798809803
"860",100,94.7372906711418
"1947",267.49,214.2058224891
"2676",150,152.732719124773
"317",124.2,119.126310653764
"1008",114.5,117.94141335631
"2188",108.97,141.005773228132
"3018",183.48,241.458930639935
"946",178.14,176.502226607687
"436",124.98,117.273664630721
"3178",115.01,129.649683268716
"2878",229.97,231.301816093274
"3058",117.5,155.005715128185
"502",106.21,109.507331262625
"3138",140,144.389730145515
"2720",123.98,162.399096030948
"1533",107.12,98.5655446474478
"909",105.01,110.378347519726
"1653",105,114.185904697547
"1727",155,117.607327020904
"1822",131.42,169.546801473416
"2779",107.47,109.816420395671
"2297",212.5,210.533227261874
"1327",244.98,221.968134069789
"2564",157.5,175.347500850396
"1277",342.5,268.328198185006
"1697",145,122.643591221047
"1803",115.9,146.602226024175
"3163",162.52,153.474941500265
"2987",130,142.839703922469
"2383",142.5,157.249011354316
"129",105.95,145.056255219202
"3110",181.16,189.499330241379
"1410",185.02,155.467644413387
"1273",217.43,321.045654672409
"1078",125.82,168.298607585771
"187",179.66,171.091094283909
"2550",125,122.683350351064
"1486",198.5,158.365337885382
"1882",207.5,236.026516779363
"2849",112.48,155.903566424418
"2288",109.98,127.18011949844
"2585",140.5,111.396925664717
"1649",117.5,100.537755270272
"1863",114.25,132.797006227675
"1413",139.96,171.047017687173
"834",137.5,166.923791354423
"2054",112.48,164.022300241237
"1414",107.5,121.966017839679
"164",118.1,134.246275265737
"1650",117.49,126.927121259089
"562",177.48,184.686420061636
"3019",100.01,111.051265227609
"467",135,178.89559691773
"2125",488.73,366.247042059727
"2924",148.75,207.766327551787
"2060",149.98,189.709927621731
"2254",112.5,122.766305954707
"1651",135,139.450040740528
"2142",192.73,135.01437066016
"2857",138.13,168.688922079442
"2922",127.5,99.7056612211567
"3208",161.5,143.48139383114
"1384",120.47,140.702802567358
"1619",150,137.491592330132
"2672",257.45,335.788028880997
"1805",182.49,158.645066735703
"2415",223.01,196.530442059962
"2996",117.5,135.236905157739
"2269",170.02,196.866116348891
"188",239.71,161.78194762575
"1423",110,109.36095812844
"818",106.48,135.001224367374
"8",122.5,130.002597964683
"199",102.48,103.143305513126
"1858",189.97,174.140278357613
"2273",339.98,176.934379357692
"1144",194.75,160.389335444687
"1361",169.98,106.507761882037
"539",157.99,205.116377469192
"2855",201.97,162.481831254928
"1813",106.8,199.556732264802
"2402",112.5,151.249968521183
"2017",102.5,136.963356863015
"1408",142.5,196.391770947538
"727",173.01,217.799798277562
"1299",733.57,755.249701939566
"583",290.94,343.310945009585
"650",140,123.434531023017
"3051",147.5,121.59234004488
"3197",172.5,132.24863207925
"27",135,101.72579526145
"1742",139.99,57.9450878515429
"717",241.62,236.947068755064
"617",112.52,160.7088841792
"2657",152.49,201.117628883345
"2340",183.51,248.628782608528
"499",102.5,92.4291650516058
"2509",142.52,139.948754291875
"1309",165,185.627491798953
"974",754.81,421.666810327444
"3181",125,116.953230806728
"215",104.67,110.858661811012
"3146",190.03,192.493524293641
"2457",315.12,352.049838278324
"2958",122.5,126.393685388375
"319",133.59,175.413697203005
"2128",144,104.134640492152
"2581",125,106.885363892274
"2854",120,128.129366094915
"2370",662.48,495.23353519784
"389",103.35,159.860303345942
"2587",141.01,144.320945336567
"3206",223.23,280.739970727017
"1553",147.51,172.689807376434
"3184",461.67,506.413326572658
"1375",106.25,122.287595919971
"2828",108.39,139.693334462911
"1581",223.46,213.314426768247
"1458",162.5,142.216481347483
"3027",120.02,199.033663093894
"1555",127.5,135.51847445154
"844",260,235.333533703655
"1185",138.51,165.529931156847
"3001",189.99,142.263604549723
"470",170,269.050161983728
"912",172.5,130.833053980747
"1354",112.5,115.83521148601
"842",115.02,138.44626584525
"720",367.25,282.975618675277
"1973",203.78,245.745149378513
"1191",132.5,127.479614472806
"2392",189.98,160.662971500457
"2150",137.48,189.096648877541
"868",397.48,307.215248294558
"71",106.63,139.716619753053
"1333",150,155.777699300149
"817",143.7,221.337458580858
"1207",160,183.364610755677
"726",121.11,118.553121873401
"373",115.98,195.550573859843
"2129",114.23,129.477410416093
"1860",197.5,134.228940216103
"2863",203.86,157.292616566135
"671",102.5,106.276271253028
"2367",125.03,198.653955930423
"862",312.5,270.232721083384
"1673",227.53,228.965066795664
"2068",256.49,220.10110749371
"7",127.5,153.445576572684
"1383",100,95.9224716281697
"2286",231.13,170.27248060557
"1490",124.5,146.557122982038
"2576",180,180.394921764989
"2136",102.5,88.2986773027882
"1865",202.51,182.179387012211
"52",122.25,159.656298008734
"1219",122.5,132.25375070873
"2349",135,158.149846231209
"1063",202.49,156.257572545056
"1814",135,148.534161068808
"691",256.76,279.840214771497
"2747",172.5,107.244238644439
"1483",107.98,154.041324066769
"2426",122.52,196.548540806265
"434",135.01,142.562818046278
"3024",160.45,222.782931553376
"2372",140.64,181.303020273365
"1295",135,119.723517006873
"1068",115,123.201421300098
"2036",110,147.677245091273
"2926",152.5,203.877970296409
"569",102.5,118.481370966672
"2864",239.3,228.326265502237
"663",424.95,209.032610750785
"21",100,78.5701409625427
"876",224.99,225.237490263727
"1874",313.43,394.519323301267
"2915",111.73,133.219812217006
"2088",135.48,167.172595966088
"2611",135.18,161.751833137594
"3034",120.01,176.615480295617
"1594",130,123.286900051355
"1811",131.34,140.430155120034
"783",110,123.141501004055
"3095",140,175.170376535349
"1345",129.75,146.878334802989
"1639",292.5,242.354194609784
"901",115.13,108.804101932934
"1268",112.5,81.5299074811977
"1780",150,140.255459403581
"2673",120,86.9409346509463
"2084",167.5,200.485246314903
"1167",141.75,174.199090584339
"1430",110,134.017179241578
"301",147.56,139.870764262461
"2091",126.52,164.263320019948
"2869",120,111.058529878195
"1921",121.24,168.237385585497
"902",115,143.791807186805
"379",340.02,236.918869011821
"3003",180,211.29740231129
"1840",132.51,118.628760717272
"1525",195.01,209.685085634588
"2246",155,139.271371018352
"1249",100,118.891831719529
"2134",142.49,141.89416489655
"184",190.31,142.337218882562
"1739",112.46,152.5811387279
"2694",229.99,186.428823902991
"2409",130.11,188.102870837991
"1900",155,171.774779946122
"477",219.98,191.526402201325
"326",111.79,136.074149330411
"61",167.48,95.9914974920323
"1039",121.25,83.0722783568125
"1769",195.01,180.072931571642
"519",400.9,381.268473856713
"1820",172.5,153.24482124438
"2909",205,167.431905692132
"2515",155.43,185.069842120363
"1765",135,116.681431936194
"335",138.52,115.399630377627
"968",274.98,79.6429791908218
"1286",143.72,165.791206928266
"2670",133.75,130.124657672016
"516",130,190.84962035205
"1082",160.03,144.448053640171
"148",119.77,112.801266272933
"702",120.75,141.892081389938
"1914",155.02,174.48902277057
"359",147.36,196.955475850608
"1602",100,176.588337133618
"1139",188.62,177.591305043407
"1716",260,177.872101110133
"3009",117.18,172.699081393156
"2795",142.5,180.492307841528
"948",107.5,102.146008257147
"1741",106.71,137.964613392842
"799",173.48,173.269414068764
"2682",138.75,142.614949779744
"1305",149.34,205.73736169922
"1993",187.45,134.571264449014
"2910",254.05,330.647707107221
"1740",384.97,298.776823414615
"107",358.51,287.645190710165
"2519",100.01,105.711012313875
"2799",125.04,171.591938498804
"3073",104.75,148.149380623868
"1425",145,149.397349456591
"2026",110,93.1521365678007
"2345",207.97,161.876827169087
"1737",301.12,226.598013428488
"642",102.5,102.882236241907
"1722",312.5,328.963778729324
"486",287.5,293.2138449749
"666",120.01,122.536421654682
"1498",106.5,97.0108814981473
"3134",119.98,149.900437384737
"1231",153.37,162.21966153247
"676",105.5,96.103100436569
"3038",100,132.093415203758
"1635",100,99.6876584187993
"1633",133.48,155.105979437457
"1325",102.5,127.850979097314
"1496",175,168.734996707101
"598",130,120.586040572208
"1026",200,162.647280298147
"357",582.26,465.820842940021
"1616",265,203.521558553764
"1365",157.5,141.963385670048
"2264",119.99,57.1417632002974
"3060",207.88,199.330595443835
"2163",165,138.955083866041
"85",108.59,86.4076846906725
"1793",125.48,188.590111975283
"1855",180,197.075856331539
"1487",427.52,359.745161955176
"1904",122.5,124.597026270469
"2173",102.5,98.1588022399957
"2211",219.99,177.336562989637
"961",320.01,215.162244147101
"267",122.53,135.232128609981
"337",116.45,109.733328241529
"2499",172.99,226.502614250067
"595",107.51,111.344256792733
"3180",151.75,169.062890381522
"3049",176.39,90.0076639018185
"699",124.9,233.718049980985
"195",200.4,182.4382366818
"1236",107.5,169.127568826686
"306",138.56,189.722660343023
"163",157.3,148.833239842266
"266",127.38,140.061420703141
"1610",407.5,300.374030885141
"448",123.7,162.134089056883
"377",489,453.40035954759
"56",200.8,144.687037914874
"2927",100,74.2961405392227
"2393",113.46,162.361341704561
"1841",107.52,133.154867133704
"1910",190.48,205.872733564999
"2309",120.64,175.210075547805
"1395",167.51,177.140313765239
"969",122.5,122.440723257702
"800",112.5,122.743055510411
"2716",158.43,220.747198227172
"2357",139.5,125.785495394068
"1171",112.5,95.5905295722922
"2565",205.26,219.708296959518
"2738",160,101.218192132255
"3066",112.49,161.983775219103
"174",112.91,138.594454636583
"2598",110,132.386644090585
"2804",262.5,259.175504197465
"2691",116.16,172.460134333288
"509",121.69,169.628631992974
"2780",182.5,177.631982804924
"761",152.5,165.374481346691
"2223",280,227.131188453321
"566",127.5,149.678428668758
"202",208.59,195.27620223046
"1044",425,395.047690384884
"2031",107.5,126.293151135876
"108",101.22,89.4938810614139
"2000",132.5,140.063216978732
"1590",117.49,67.9817310786556
"1494",229.96,254.98447308697
"487",112.5,147.407842154409
"1495",140,117.146881208047
"1728",142.5,134.786683621092
"2976",296.87,274.802883449207
"2384",190,184.024553466618
"2151",100,77.8696838070646
"2731",112.5,109.073389491178
"2488",132.51,92.2841774422915
"1460",107.5,133.073036537247
"67",116.11,136.292092626769
"2524",201.16,234.053183979616
"3068",124.99,158.302762725956
"2229",150,161.279694789876
"321",157.27,161.497547420066
"2970",135.92,190.438554396497
"728",140.01,149.422727822373
"2203",109.93,153.663010071991
"229",105.85,112.470865326419
"2792",122.5,154.187177166812
"2085",126.75,151.175009188064
"1917",304.99,249.677938368137
"5",335.05,255.740556161257
"1611",107.5,107.765332074516
"521",110.64,122.162070239415
"2874",122.5,128.121599971566
"234",106.8,133.237224588994
"133",101.58,109.237282034655
"2815",105,153.406651013957
"1371",114,128.256189601569
"683",120,129.200400406201
"492",140,128.670750173861
"2948",145,136.386583411276
"2013",279.99,225.524414589066
"681",116.26,153.719772794263
"1676",102.75,127.462876264312
"263",170.75,155.46599986783
"2889",138,141.041962930235
"865",220.62,197.867281710321
"1304",152.5,178.312273545971
"2034",142.5,107.248388295442
"1125",152.5,175.422911026362
"2411",115.01,93.1439797943089
"1223",195,140.765697279864
"1756",304.43,423.367242637954
"508",127.5,162.730241474181
"890",140,147.48381619902
"3117",100.01,126.391578878658
"1922",105,112.682483377575
"2078",182.5,201.07968792922
"233",139.19,208.658948064537
"1779",178.66,217.755609695488
"556",100.08,139.313968128366
"685",117.51,110.1755357548
"3030",125,142.37607664779
"2377",100,109.749665177718
"1290",192.5,196.332391359156
"1629",137.5,95.1950488177614
"3167",195.27,211.867798566369
"2631",170,129.91475051035
"3194",110,131.469732673822
"3201",175.51,216.014025900359
"2262",122.5,131.313065301296
"1187",100,103.35561202569
"2323",107.5,149.180034503299
"1632",115,126.886318649737
"1752",135,185.916447968973
"2717",164.96,256.132170066375
"12",125.04,160.721506699965
"1680",120,95.2120679898706
"308",103.51,87.5128914272716
"1938",303.69,324.567244830554
"1155",107.5,119.60683022968
"3204",205,243.257866126725
"1040",110,87.4689558053568
"1675",158.26,153.082463904552
"2903",125.01,109.161651883711
"756",122.5,134.828940873048
"2397",130.69,216.73107371757
"2832",424.94,274.693321104489
"2809",100,126.840872725467
"1093",260,214.179895909856
"1242",205.5,201.941410873867
"1227",107.5,133.330948875968
"787",195,166.740112269723
"2096",102.5,93.9146238261361
"1485",105.21,171.725332436491
"523",125,90.224977306513
"722",153.66,154.49716855986
"446",604.75,664.103018216594
"2904",106,131.915438159674
"1476",132.5,167.510767427218
"2207",122.5,114.460087493484
"173",125.38,137.520223722316
"3041",117.5,82.125756459209
"2675",133.75,140.724397109709
"30",205.01,256.207300314412
"347",112.59,140.975759984843
"2693",273.93,279.932071111536
"1069",431.71,391.489904491337
"1764",750.96,417.383134588337
"1440",272.5,171.842743021198
"2653",107.5,127.852704337821
"1251",125,124.707981255703
"1435",106.46,114.570865028157
"1652",297.48,349.804817549049
"2535",210,159.234026655442
"3199",115.93,157.08623805833
"2146",591.75,472.471034124063
"2841",125,162.628911195079
"225",280.66,203.350433383767
"966",209.99,132.059821373447
"1786",245,218.645971099921
"1817",142.97,148.76555809651
"309",137.24,173.533013184863
"3004",180.48,145.477860887759
"542",132.5,170.149968841357
"572",254.99,178.508635065144
"2210",150,131.760504028442
"2818",115,124.44537881105
"1448",165,165.696348784568
"2975",127.5,125.012180715025
"917",112.5,135.771566397244
"1661",117.5,140.373686734895
"2625",140,123.762937533886
"1627",135.41,140.258658488236
"238",313.08,216.166965478074
"1141",189.92,243.180626036219
"2628",240.98,226.580942013553
"3152",230.22,224.503065435504
"2574",114,137.83271456537
"1107",115,140.442590816539
"2097",120.75,130.169780693279
"1784",173.68,179.026957751337
"409",260,187.065212533261
"2533",270.93,221.385415399633
"1953",203.62,178.134933228129
"1463",198.66,221.918471721691
"604",152,144.174536859762
"507",113.47,134.428471943197
"2919",165,152.441944748287
"1031",101.25,115.025823982039
"1222",130.01,137.323366844469
"1105",130,137.15683094456
"1567",132.5,154.396736813036
"1339",105,155.549081485672
"1524",282.95,235.186403249809
"1247",105,100.119538449793
"2880",120,126.000013220688
"298",114.33,177.203842644853
"412",239.23,252.483786465264
"3042",452.2,349.187298840245
"2198",200,171.383354843704
"2326",199.3,218.736961461908
"2942",135,88.8048855247153
"737",117.5,130.302475909349
"1263",141.95,127.898302720315
"1379",146.25,154.346306940597
"1543",167.51,146.387122382059
"1892",100.04,123.644984482397
"867",162.5,172.776579264357
"2117",150,112.731310263095
"3185",147.52,170.775576349758
"2969",187.49,159.462199381365
"131",117.17,113.492621755
"660",232.47,250.391650506124
"1261",120,104.581552025
"1544",116.2,131.41590636937
"1041",174.27,271.573675271997
"48",275,241.359611824079
"1576",142.38,176.84540681855
"1349",333.16,272.34022970758
"1136",295,245.482366498614
"159",162.81,140.2924920941
"2856",135,123.62144838959
"1370",110.01,126.834660325532
"1540",250,221.474182255285
"850",255.01,254.76201563654
"2015",107.5,108.386693858054
"1118",293.48,246.870206626119
"1515",143.24,127.943367030166
"2835",140.09,89.3693351715954
"816",352.5,239.240588235517
"2943",192.52,196.34307958237
"2127",122.5,129.341496542511
"2033",142.47,119.820850995169
"1952",128.65,156.077694716223
"3170",105,123.437922807583
"2506",132.5,164.054233564166
"2403",221.79,277.236881340482
"3129",117.64,103.937845948455
"270",131.46,148.514367722865
"1830",112.5,137.684695888628
"2276",180,167.858713530009
"2991",124.98,76.9226081040406
"682",100,94.3933874858942
"1789",129.95,178.161491460925
"2806",117.51,152.929278714536
"2465",102.17,165.666192259427
"1177",110,120.067204197592
"2545",145,133.80056659613
"3119",124.21,167.794201964719
"2003",110,162.812590347951
"2483",150,138.648324143879
"1893",142.5,161.049283665644
"2788",155.95,147.954086983691
"2938",226.26,236.084033525658
"1427",107.5,110.243843337939
"3139",132.5,138.942822226787
"2040",205,241.60897820526
"1147",207.5,170.472712761221
"1972",225.45,243.655463779195
"2352",152.5,161.697976580441
"1108",105,133.825397647528
"672",183.53,232.333677905025
"1852",112.5,155.903928330288
"2075",185,147.765260276251
"2157",179.52,202.999360847632
"103",223.43,184.591261656499
"93",113.77,84.6964060777334
"1622",115,92.3409070862707
"2627",269.25,265.530057414852
"303",181.57,167.094889266834
"1323",225,282.539161325151
"2410",110,137.791113864199
"820",186,202.060176966023
"2853",155.5,137.585898270769
"1926",201.59,202.701239962999
"2362",113,155.774575274547
"2351",130,87.285334664032
"323",105.83,117.274657386941
"1391",102.5,101.402773954081
"1471",145,156.662780022035
"1800",152.98,202.706829391139
"2255",202.5,234.724632271877
"1664",100,99.681221551595
"2439",102.54,148.80884774472
"2108",148.64,234.700791941377
"1138",228.75,227.249281946718
"1090",111.71,164.564191861173
"239",102.58,117.785635425994
"984",153.43,176.44201160843
"3096",205,187.128537402548
"3013",195,153.102805488861
"3113",107.52,137.705407096972
"73",143.32,113.435329759984
"937",137.5,121.624077216421
"1642",142.5,151.752601351197
"837",105,128.421719306084
